collected_at,source_url,name,foil_status,price,url,print_variation,image_url,cn_price,en_price,set_number,raw_text
2026-09-15T19:58:57+00:00,https://bilgewatermarket.com/cards,Baccai Sandspinner,foil,0.11,https://bilgewatermarket.com/cards/VEN-001?print_variation=foiled,foiled,https://bilgewatermarket.com/assets/VEN-001-EN-CwT4oNk9.png,¥0.50,$0.11,,Baccai Sandspinner VEN-001/166 Foiled CN ¥0.50 EN $0.11
2026-09-15T19:58:57+00:00,https://bilgewatermarket.com/cards,Baccai Sandspinner,nonfoil,0.05,https://bilgewatermarket.com/cards/VEN-001,normal,https://bilgewatermarket.com/assets/VEN-001-EN-CwT4oNk9.png,¥0.52,$0.05,,Baccai Sandspinner VEN-001/166 CN ¥0.52 EN $0.05
2026-09-15T19:58:57+00:00,https://bilgewatermarket.com/cards,Blade Twirler,foil,0.14,https://bilgewatermarket.com/cards/VEN-002?print_variation=foiled,foiled,https://bilgewatermarket.com/assets/VEN-002-EN-DhiWbxgH.png,¥0.89,$0.14,,Blade Twirler VEN-002/166 Foiled CN ¥0.89 EN $0.14
2026-09-15T19:58:57+00:00,https://bilgewatermarket.com/cards,Blade Twirler,nonfoil,0.06,https://bilgewatermarket.com/cards/VEN-002,normal,https://bilgewatermarket.com/assets/VEN-002-EN-DhiWbxgH.png,¥0.50,$0.06,,Blade Twirler VEN-002/166 CN ¥0.50 EN $0.06
2026-09-15T19:58:57+00:00,https://bilgewatermarket.com/cards,Brittle Steel,foil,0.30,https://bilgewatermarket.com/cards/VEN-003?print_variation=foiled,foiled,https://bilgewatermarket.com/assets/VEN-003-EN-BLstdxYc.png,¥2.09,$0.30,,Brittle Steel VEN-003/166 Foiled CN ¥2.09 EN $0.30
2026-09-15T19:58:57+00:00,https://bilgewatermarket.com/cards,Brittle Steel,nonfoil,0.13,https://bilgewatermarket.com/cards/VEN-003,normal,https://bilgewatermarket.com/assets/VEN-003-EN-BLstdxYc.png,¥1.05,$0.13,,Brittle Steel VEN-003/166 CN ¥1.05 EN $0.13
2026-09-15T19:58:57+00:00,https://bilgewatermarket.com/cards,Dune Surfer,foil,0.22,https://bilgewatermarket.com/cards/VEN-004?print_variation=foiled,foiled,https://bilgewatermarket.com/assets/VEN-004-EN-CDFnHbgU.png,¥0.51,$0.22,,Dune Surfer VEN-004/166 Foiled CN ¥0.51 EN $0.22
2026-09-15T19:58:57+00:00,https://bilgewatermarket.com/cards,Dune Surfer,nonfoil,0.08,https://bilgewatermarket.com/cards/VEN-004,normal,https://bilgewatermarket.com/assets/VEN-004-EN-CDFnHbgU.png,¥0.50,$0.08,,Dune Surfer VEN-004/166 CN ¥0.50 EN $0.08
2026-09-15T19:58:57+00:00,https://bilgewatermarket.com/cards,Forsaken Baccai,foil,0.21,https://bilgewatermarket.com/cards/VEN-005?print_variation=foiled,foiled,https://bilgewatermarket.com/assets/VEN-005-EN-B296W7Pp.png,¥0.51,$0.21,,Forsaken Baccai VEN-005/166 Foiled CN ¥0.51 EN $0.21
2026-09-15T19:58:57+00:00,https://bilgewatermarket.com/cards,Forsaken Baccai,nonfoil,0.08,https://bilgewatermarket.com/cards/VEN-005,normal,https://bilgewatermarket.com/assets/VEN-005-EN-B296W7Pp.png,¥0.50,$0.08,,Forsaken Baccai VEN-005/166 CN ¥0.50 EN $0.08
2026-09-15T19:58:57+00:00,https://bilgewatermarket.com/cards,Oasis Raider,foil,0.14,https://bilgewatermarket.com/cards/VEN-006?print_variation=foiled,foiled,https://bilgewatermarket.com/assets/VEN-006-EN-BXQcW2nP.png,¥0.54,$0.14,,Oasis Raider VEN-006/166 Foiled CN ¥0.54 EN $0.14
2026-09-15T19:58:57+00:00,https://bilgewatermarket.com/cards,Oasis Raider,nonfoil,0.07,https://bilgewatermarket.com/cards/VEN-006,normal,https://bilgewatermarket.com/assets/VEN-006-EN-BXQcW2nP.png,¥0.50,$0.07,,Oasis Raider VEN-006/166 CN ¥0.50 EN $0.07
2026-09-15T19:58:57+00:00,https://bilgewatermarket.com/cards,Punching Poro,foil,0.21,https://bilgewatermarket.com/cards/VEN-007?print_variation=foiled,foiled,https://bilgewatermarket.com/assets/VEN-007-EN-BC4DnhHy.png,¥0.62,$0.21,,Punching Poro VEN-007/166 Foiled CN ¥0.62 EN $0.21
2026-09-15T19:58:57+00:00,https://bilgewatermarket.com/cards,Punching Poro,nonfoil,0.07,https://bilgewatermarket.com/cards/VEN-007,normal,https://bilgewatermarket.com/assets/VEN-007-EN-BC4DnhHy.png,¥0.51,$0.07,,Punching Poro VEN-007/166 CN ¥0.51 EN $0.07
2026-09-15T19:58:57+00:00,https://bilgewatermarket.com/cards,Ruthless Strike,foil,0.20,https://bilgewatermarket.com/cards/VEN-008?print_variation=foiled,foiled,https://bilgewatermarket.com/assets/VEN-008-EN-QwSBQX3c.png,¥0.86,$0.20,,Ruthless Strike VEN-008/166 Foiled CN ¥0.86 EN $0.20
2026-09-15T19:58:57+00:00,https://bilgewatermarket.com/cards,Ruthless Strike,nonfoil,0.09,https://bilgewatermarket.com/cards/VEN-008,normal,https://bilgewatermarket.com/assets/VEN-008-EN-QwSBQX3c.png,¥0.50,$0.09,,Ruthless Strike VEN-008/166 CN ¥0.50 EN $0.09
2026-09-15T19:58:57+00:00,https://bilgewatermarket.com/cards,Baccai Reaper,foil,0.25,https://bilgewatermarket.com/cards/VEN-009?print_variation=foiled,foiled,https://bilgewatermarket.com/assets/VEN-009-EN-GkgxpQJM.png,¥0.52,$0.25,,Baccai Reaper VEN-009/166 Foiled CN ¥0.52 EN $0.25
2026-09-15T19:58:57+00:00,https://bilgewatermarket.com/cards,Baccai Reaper,nonfoil,0.06,https://bilgewatermarket.com/cards/VEN-009,normal,https://bilgewatermarket.com/assets/VEN-009-EN-GkgxpQJM.png,¥0.50,$0.06,,Baccai Reaper VEN-009/166 CN ¥0.50 EN $0.06
2026-09-15T19:58:57+00:00,https://bilgewatermarket.com/cards,Consuming Curse,foil,0.17,https://bilgewatermarket.com/cards/VEN-010?print_variation=foiled,foiled,https://bilgewatermarket.com/assets/VEN-010-EN-C4KbjOi9.png,¥0.88,$0.17,,Consuming Curse VEN-010/166 Foiled CN ¥0.88 EN $0.17
2026-09-15T19:58:57+00:00,https://bilgewatermarket.com/cards,Consuming Curse,nonfoil,0.10,https://bilgewatermarket.com/cards/VEN-010,normal,https://bilgewatermarket.com/assets/VEN-010-EN-C4KbjOi9.png,¥0.50,$0.10,,Consuming Curse VEN-010/166 CN ¥0.50 EN $0.10
2026-09-15T19:58:57+00:00,https://bilgewatermarket.com/cards,Pendulum Blade,foil,0.32,https://bilgewatermarket.com/cards/VEN-011?print_variation=foiled,foiled,https://bilgewatermarket.com/assets/VEN-011-EN-abjrVRf0.png,¥3.40,$0.32,,Pendulum Blade VEN-011/166 Foiled CN ¥3.40 EN $0.32
2026-09-15T19:58:57+00:00,https://bilgewatermarket.com/cards,Pendulum Blade,nonfoil,0.09,https://bilgewatermarket.com/cards/VEN-011,normal,https://bilgewatermarket.com/assets/VEN-011-EN-abjrVRf0.png,¥1.07,$0.09,,Pendulum Blade VEN-011/166 CN ¥1.07 EN $0.09
2026-09-15T19:58:57+00:00,https://bilgewatermarket.com/cards,Perfect Execution,foil,0.39,https://bilgewatermarket.com/cards/VEN-012?print_variation=foiled,foiled,https://bilgewatermarket.com/assets/VEN-012-EN-DOVssiky.png,¥2.46,$0.39,,Perfect Execution VEN-012/166 Foiled CN ¥2.46 EN $0.39
2026-09-15T19:58:57+00:00,https://bilgewatermarket.com/cards,Perfect Execution,nonfoil,0.11,https://bilgewatermarket.com/cards/VEN-012,normal,https://bilgewatermarket.com/assets/VEN-012-EN-DOVssiky.png,¥1.31,$0.11,,Perfect Execution VEN-012/166 CN ¥1.31 EN $0.11
2026-09-15T19:58:57+00:00,https://bilgewatermarket.com/cards,Shadow Assassin,foil,0.25,https://bilgewatermarket.com/cards/VEN-013?print_variation=foiled,foiled,https://bilgewatermarket.com/assets/VEN-013-EN-Z3fdgB-s.png,¥0.57,$0.25,,Shadow Assassin VEN-013/166 Foiled CN ¥0.57 EN $0.25
2026-09-15T19:58:57+00:00,https://bilgewatermarket.com/cards,Shadow Assassin,nonfoil,0.07,https://bilgewatermarket.com/cards/VEN-013,normal,https://bilgewatermarket.com/assets/VEN-013-EN-Z3fdgB-s.png,¥0.50,$0.07,,Shadow Assassin VEN-013/166 CN ¥0.50 EN $0.07
2026-09-15T19:58:57+00:00,https://bilgewatermarket.com/cards,Shadow Fiend,foil,0.25,https://bilgewatermarket.com/cards/VEN-014?print_variation=foiled,foiled,https://bilgewatermarket.com/assets/VEN-014-EN-BTkAV4rh.png,¥2.16,$0.25,,Shadow Fiend VEN-014/166 Foiled CN ¥2.16 EN $0.25
2026-09-15T19:58:57+00:00,https://bilgewatermarket.com/cards,Shadow Fiend,nonfoil,0.07,https://bilgewatermarket.com/cards/VEN-014,normal,https://bilgewatermarket.com/assets/VEN-014-EN-BTkAV4rh.png,¥0.89,$0.07,,Shadow Fiend VEN-014/166 CN ¥0.89 EN $0.07
2026-09-15T19:58:57+00:00,https://bilgewatermarket.com/cards,Decree of Rage,nonfoil,0.26,https://bilgewatermarket.com/cards/VEN-015,normal,https://bilgewatermarket.com/assets/VEN-015-EN-BsGYYCiU.png,¥3.56,$0.26,,Decree of Rage VEN-015/166 CN ¥3.56 EN $0.26
2026-09-15T19:58:57+00:00,https://bilgewatermarket.com/cards,Eclipse Dragon,nonfoil,0.13,https://bilgewatermarket.com/cards/VEN-016,normal,https://bilgewatermarket.com/assets/VEN-016-EN-BuFaigBn.png,¥0.52,$0.13,,Eclipse Dragon VEN-016/166 CN ¥0.52 EN $0.13
2026-09-15T19:58:57+00:00,https://bilgewatermarket.com/cards,"Morgana, Vindictive",nonfoil,0.18,https://bilgewatermarket.com/cards/VEN-017,normal,https://bilgewatermarket.com/assets/VEN-017-EN-8wnGKgvv.png,¥0.80,$0.18,,"Morgana, Vindictive VEN-017/166 CN ¥0.80 EN $0.18"
2026-09-15T19:58:57+00:00,https://bilgewatermarket.com/cards,Rage Amplifier,nonfoil,0.16,https://bilgewatermarket.com/cards/VEN-018,normal,https://bilgewatermarket.com/assets/VEN-018-EN-RmQ_A8Q3.png,¥0.59,$0.16,,Rage Amplifier VEN-018/166 CN ¥0.59 EN $0.16
2026-09-15T19:58:57+00:00,https://bilgewatermarket.com/cards,"Renekton, Rage Fueled",nonfoil,0.12,https://bilgewatermarket.com/cards/VEN-019,normal,https://bilgewatermarket.com/assets/VEN-019-EN-DL0bY2ZM.png,¥0.52,$0.12,,"Renekton, Rage Fueled VEN-019/166 CN ¥0.52 EN $0.12"
2026-09-15T19:58:57+00:00,https://bilgewatermarket.com/cards,"Renekton, Rage Fueled",nonfoil,1.24,https://bilgewatermarket.com/cards/VEN-019a?print_variation=showcase,showcase,https://bilgewatermarket.com/assets/VEN-019a-EN-BnEfMIC6.png,¥3.72,$1.24,,"Renekton, Rage Fueled VEN-019A/166 Showcase CN ¥3.72 EN $1.24"
2026-09-15T19:58:57+00:00,https://bilgewatermarket.com/cards,Twilight Reveler,nonfoil,0.23,https://bilgewatermarket.com/cards/VEN-020,normal,https://bilgewatermarket.com/assets/VEN-020-EN-CMJPOZWt.png,¥2.43,$0.23,,Twilight Reveler VEN-020/166 CN ¥2.43 EN $0.23
2026-09-15T19:58:57+00:00,https://bilgewatermarket.com/cards,"Akali, Deadly Weapon",nonfoil,1.05,https://bilgewatermarket.com/cards/VEN-021,normal,https://bilgewatermarket.com/assets/VEN-021-EN-C07AHWS6.png,¥7.36,$1.05,,"Akali, Deadly Weapon VEN-021/166 CN ¥7.36 EN $1.05"
2026-09-15T19:58:57+00:00,https://bilgewatermarket.com/cards,"Akali, Deadly Weapon",nonfoil,15.02,https://bilgewatermarket.com/cards/VEN-021a?print_variation=showcase,showcase,https://bilgewatermarket.com/assets/VEN-021a-EN-DqhHd3uM.png,¥28.88,$15.02,,"Akali, Deadly Weapon VEN-021A/166 Showcase CN ¥28.88 EN $15.02"
2026-09-15T19:58:57+00:00,https://bilgewatermarket.com/cards,Endless Riches,nonfoil,1.08,https://bilgewatermarket.com/cards/VEN-022,normal,https://bilgewatermarket.com/assets/VEN-022-EN-rRxduvKk.png,¥4.25,$1.08,,Endless Riches VEN-022/166 CN ¥4.25 EN $1.08
2026-09-15T19:58:57+00:00,https://bilgewatermarket.com/cards,"Zed, From the Shadows",nonfoil,0.63,https://bilgewatermarket.com/cards/VEN-023,normal,https://bilgewatermarket.com/assets/VEN-023-EN-9vllZTnU.png,¥4.40,$0.63,,"Zed, From the Shadows VEN-023/166 CN ¥4.40 EN $0.63"
2026-09-15T19:58:57+00:00,https://bilgewatermarket.com/cards,"Zed, From the Shadows",nonfoil,3.13,https://bilgewatermarket.com/cards/VEN-023a?print_variation=showcase,showcase,https://bilgewatermarket.com/assets/VEN-023a-EN-C2qiG0ec.png,¥9.50,$3.13,,"Zed, From the Shadows VEN-023A/166 Showcase CN ¥9.50 EN $3.13"
2026-09-15T19:58:57+00:00,https://bilgewatermarket.com/cards,Affectionate Poro,foil,0.23,https://bilgewatermarket.com/cards/VEN-024?print_variation=foiled,foiled,https://bilgewatermarket.com/assets/VEN-024-EN-DH64eq9Y.png,¥0.95,$0.23,,Affectionate Poro VEN-024/166 Foiled CN ¥0.95 EN $0.23
2026-09-15T19:58:57+00:00,https://bilgewatermarket.com/cards,Affectionate Poro,nonfoil,0.06,https://bilgewatermarket.com/cards/VEN-024,normal,https://bilgewatermarket.com/assets/VEN-024-EN-DH64eq9Y.png,¥0.51,$0.06,,Affectionate Poro VEN-024/166 CN ¥0.51 EN $0.06
2026-09-15T19:58:57+00:00,https://bilgewatermarket.com/cards,Esteemed Hierophant,foil,0.11,https://bilgewatermarket.com/cards/VEN-025?print_variation=foiled,foiled,https://bilgewatermarket.com/assets/VEN-025-EN-CdKDhYdf.png,¥0.50,$0.11,,Esteemed Hierophant VEN-025/166 Foiled CN ¥0.50 EN $0.11
2026-09-15T19:58:57+00:00,https://bilgewatermarket.com/cards,Esteemed Hierophant,nonfoil,0.04,https://bilgewatermarket.com/cards/VEN-025,normal,https://bilgewatermarket.com/assets/VEN-025-EN-CdKDhYdf.png,¥0.51,$0.04,,Esteemed Hierophant VEN-025/166 CN ¥0.51 EN $0.04
2026-09-15T19:58:57+00:00,https://bilgewatermarket.com/cards,Field Musicians,foil,0.11,https://bilgewatermarket.com/cards/VEN-026?print_variation=foiled,foiled,https://bilgewatermarket.com/assets/VEN-026-EN-DM1O5HO-.png,¥0.55,$0.11,,Field Musicians VEN-026/166 Foiled CN ¥0.55 EN $0.11
2026-09-15T19:58:57+00:00,https://bilgewatermarket.com/cards,Field Musicians,nonfoil,0.05,https://bilgewatermarket.com/cards/VEN-026,normal,https://bilgewatermarket.com/assets/VEN-026-EN-DM1O5HO-.png,¥0.50,$0.05,,Field Musicians VEN-026/166 CN ¥0.50 EN $0.05
2026-09-15T19:58:57+00:00,https://bilgewatermarket.com/cards,Hand Hammer,foil,0.28,https://bilgewatermarket.com/cards/VEN-027?print_variation=foiled,foiled,https://bilgewatermarket.com/assets/VEN-027-EN-CiHmLLkz.png,¥0.87,$0.28,,Hand Hammer VEN-027/166 Foiled CN ¥0.87 EN $0.28
2026-09-15T19:58:57+00:00,https://bilgewatermarket.com/cards,Hand Hammer,nonfoil,0.06,https://bilgewatermarket.com/cards/VEN-027,normal,https://bilgewatermarket.com/assets/VEN-027-EN-CiHmLLkz.png,¥0.58,$0.06,,Hand Hammer VEN-027/166 CN ¥0.58 EN $0.06
2026-09-15T19:58:57+00:00,https://bilgewatermarket.com/cards,Mournful Witness,foil,0.27,https://bilgewatermarket.com/cards/VEN-028?print_variation=foiled,foiled,https://bilgewatermarket.com/assets/VEN-028-EN-2bCFb-MU.png,¥2.77,$0.27,,Mournful Witness VEN-028/166 Foiled CN ¥2.77 EN $0.27
2026-09-15T19:58:57+00:00,https://bilgewatermarket.com/cards,Mournful Witness,nonfoil,0.08,https://bilgewatermarket.com/cards/VEN-028,normal,https://bilgewatermarket.com/assets/VEN-028-EN-2bCFb-MU.png,¥0.57,$0.08,,Mournful Witness VEN-028/166 CN ¥0.57 EN $0.08
2026-09-15T19:58:57+00:00,https://bilgewatermarket.com/cards,Ol' Poro,foil,0.31,https://bilgewatermarket.com/cards/VEN-029?print_variation=foiled,foiled,https://bilgewatermarket.com/assets/VEN-029-EN-KWJAVihx.png,¥0.98,$0.31,,Ol' Poro VEN-029/166 Foiled CN ¥0.98 EN $0.31
2026-09-15T19:58:57+00:00,https://bilgewatermarket.com/cards,Ol' Poro,nonfoil,0.08,https://bilgewatermarket.com/cards/VEN-029,normal,https://bilgewatermarket.com/assets/VEN-029-EN-KWJAVihx.png,¥0.50,$0.08,,Ol' Poro VEN-029/166 CN ¥0.50 EN $0.08
2026-09-15T19:58:57+00:00,https://bilgewatermarket.com/cards,Serene Ascetic,foil,0.15,https://bilgewatermarket.com/cards/VEN-030?print_variation=foiled,foiled,https://bilgewatermarket.com/assets/VEN-030-EN-COobBbuO.png,¥0.51,$0.15,,Serene Ascetic VEN-030/166 Foiled CN ¥0.51 EN $0.15
2026-09-15T19:58:57+00:00,https://bilgewatermarket.com/cards,Serene Ascetic,nonfoil,0.04,https://bilgewatermarket.com/cards/VEN-030,normal,https://bilgewatermarket.com/assets/VEN-030-EN-COobBbuO.png,¥0.51,$0.04,,Serene Ascetic VEN-030/166 CN ¥0.51 EN $0.04
2026-09-15T19:58:57+00:00,https://bilgewatermarket.com/cards,Twilight Shroud,foil,0.31,https://bilgewatermarket.com/cards/VEN-031?print_variation=foiled,foiled,https://bilgewatermarket.com/assets/VEN-031-EN-gTBfzKTy.png,¥3.35,$0.31,,Twilight Shroud VEN-031/166 Foiled CN ¥3.35 EN $0.31
2026-09-15T19:58:57+00:00,https://bilgewatermarket.com/cards,Twilight Shroud,nonfoil,0.07,https://bilgewatermarket.com/cards/VEN-031,normal,https://bilgewatermarket.com/assets/VEN-031-EN-gTBfzKTy.png,¥1.37,$0.07,,Twilight Shroud VEN-031/166 CN ¥1.37 EN $0.07
2026-09-15T19:58:57+00:00,https://bilgewatermarket.com/cards,Frostcoat Mother,foil,0.24,https://bilgewatermarket.com/cards/VEN-032?print_variation=foiled,foiled,https://bilgewatermarket.com/assets/VEN-032-EN-tr67-nkz.png,¥1.02,$0.24,,Frostcoat Mother VEN-032/166 Foiled CN ¥1.02 EN $0.24
2026-09-15T19:58:57+00:00,https://bilgewatermarket.com/cards,Frostcoat Mother,nonfoil,0.08,https://bilgewatermarket.com/cards/VEN-032,normal,https://bilgewatermarket.com/assets/VEN-032-EN-tr67-nkz.png,¥0.63,$0.08,,Frostcoat Mother VEN-032/166 CN ¥0.63 EN $0.08
2026-09-15T19:58:57+00:00,https://bilgewatermarket.com/cards,Pakaa Protector,foil,0.26,https://bilgewatermarket.com/cards/VEN-033?print_variation=foiled,foiled,https://bilgewatermarket.com/assets/VEN-033-EN-DXvB-R4_.png,¥0.55,$0.26,,Pakaa Protector VEN-033/166 Foiled CN ¥0.55 EN $0.26
2026-09-15T19:58:57+00:00,https://bilgewatermarket.com/cards,Pakaa Protector,nonfoil,0.07,https://bilgewatermarket.com/cards/VEN-033,normal,https://bilgewatermarket.com/assets/VEN-033-EN-DXvB-R4_.png,¥0.50,$0.07,,Pakaa Protector VEN-033/166 CN ¥0.50 EN $0.07
2026-09-15T19:58:57+00:00,https://bilgewatermarket.com/cards,Resonating Strike,foil,0.31,https://bilgewatermarket.com/cards/VEN-034?print_variation=foiled,foiled,https://bilgewatermarket.com/assets/VEN-034-EN-CKOawcph.png,¥1.70,$0.31,,Resonating Strike VEN-034/166 Foiled CN ¥1.70 EN $0.31
2026-09-15T19:58:57+00:00,https://bilgewatermarket.com/cards,Resonating Strike,nonfoil,0.10,https://bilgewatermarket.com/cards/VEN-034,normal,https://bilgewatermarket.com/assets/VEN-034-EN-CKOawcph.png,¥0.96,$0.10,,Resonating Strike VEN-034/166 CN ¥0.96 EN $0.10
2026-09-15T19:58:57+00:00,https://bilgewatermarket.com/cards,Sanction,foil,0.26,https://bilgewatermarket.com/cards/VEN-035?print_variation=foiled,foiled,https://bilgewatermarket.com/assets/VEN-035-EN-DQiTZ1ig.png,¥1.81,$0.26,,Sanction VEN-035/166 Foiled CN ¥1.81 EN $0.26
2026-09-15T19:58:57+00:00,https://bilgewatermarket.com/cards,Sanction,nonfoil,0.07,https://bilgewatermarket.com/cards/VEN-035,normal,https://bilgewatermarket.com/assets/VEN-035-EN-DQiTZ1ig.png,¥0.55,$0.07,,Sanction VEN-035/166 CN ¥0.55 EN $0.07
2026-09-15T19:58:57+00:00,https://bilgewatermarket.com/cards,Sandstone Chimera,foil,0.17,https://bilgewatermarket.com/cards/VEN-036?print_variation=foiled,foiled,https://bilgewatermarket.com/assets/VEN-036-EN-DNCwMOMs.png,¥1.02,$0.17,,Sandstone Chimera VEN-036/166 Foiled CN ¥1.02 EN $0.17
2026-09-15T19:58:57+00:00,https://bilgewatermarket.com/cards,Sandstone Chimera,nonfoil,0.05,https://bilgewatermarket.com/cards/VEN-036,normal,https://bilgewatermarket.com/assets/VEN-036-EN-DNCwMOMs.png,¥0.50,$0.05,,Sandstone Chimera VEN-036/166 CN ¥0.50 EN $0.05
2026-09-15T19:58:57+00:00,https://bilgewatermarket.com/cards,Tomb-Raider Barbara,foil,0.42,https://bilgewatermarket.com/cards/VEN-037?print_variation=foiled,foiled,https://bilgewatermarket.com/assets/VEN-037-EN-Di1ikYYh.png,¥2.03,$0.42,,Tomb-Raider Barbara VEN-037/166 Foiled CN ¥2.03 EN $0.42
2026-09-15T19:58:57+00:00,https://bilgewatermarket.com/cards,Tomb-Raider Barbara,nonfoil,0.12,https://bilgewatermarket.com/cards/VEN-037,normal,https://bilgewatermarket.com/assets/VEN-037-EN-Di1ikYYh.png,¥0.86,$0.12,,Tomb-Raider Barbara VEN-037/166 CN ¥0.86 EN $0.12
2026-09-15T19:58:57+00:00,https://bilgewatermarket.com/cards,"Akali, Silent",nonfoil,0.31,https://bilgewatermarket.com/cards/VEN-038,normal,https://bilgewatermarket.com/assets/VEN-038-EN-BX81ymB0.png,¥2.34,$0.31,,"Akali, Silent VEN-038/166 CN ¥2.34 EN $0.31"
2026-09-15T19:58:57+00:00,https://bilgewatermarket.com/cards,"Akali, Silent",nonfoil,11.53,https://bilgewatermarket.com/cards/VEN-038a?print_variation=showcase,showcase,https://bilgewatermarket.com/assets/VEN-038a-EN-Db18MocF.png,¥33.23,$11.53,,"Akali, Silent VEN-038A/166 Showcase CN ¥33.23 EN $11.53"
2026-09-15T19:58:57+00:00,https://bilgewatermarket.com/cards,Crumbling Sands,nonfoil,0.22,https://bilgewatermarket.com/cards/VEN-039,normal,https://bilgewatermarket.com/assets/VEN-039-EN-BkBKpeBC.png,¥3.81,$0.22,,Crumbling Sands VEN-039/166 CN ¥3.81 EN $0.22
2026-09-15T19:58:57+00:00,https://bilgewatermarket.com/cards,Decree of Focus,nonfoil,0.42,https://bilgewatermarket.com/cards/VEN-040,normal,https://bilgewatermarket.com/assets/VEN-040-EN-BBaQ8vdf.png,¥3.52,$0.42,,Decree of Focus VEN-040/166 CN ¥3.52 EN $0.42
2026-09-15T19:58:57+00:00,https://bilgewatermarket.com/cards,"Riven, Shattered",nonfoil,0.24,https://bilgewatermarket.com/cards/VEN-041,normal,https://bilgewatermarket.com/assets/VEN-041-EN-Bvbbssj_.png,¥0.54,$0.24,,"Riven, Shattered VEN-041/166 CN ¥0.54 EN $0.24"
2026-09-15T19:58:57+00:00,https://bilgewatermarket.com/cards,"Shen, Scourge of Shadows",nonfoil,0.12,https://bilgewatermarket.com/cards/VEN-042,normal,https://bilgewatermarket.com/assets/VEN-042-EN-DB0f2liY.png,¥0.52,$0.12,,"Shen, Scourge of Shadows VEN-042/166 CN ¥0.52 EN $0.12"
2026-09-15T19:58:57+00:00,https://bilgewatermarket.com/cards,"Shen, Scourge of Shadows",nonfoil,0.94,https://bilgewatermarket.com/cards/VEN-042a?print_variation=showcase,showcase,https://bilgewatermarket.com/assets/VEN-042a-EN-CmIMdxRz.png,¥2.56,$0.94,,"Shen, Scourge of Shadows VEN-042A/166 Showcase CN ¥2.56 EN $0.94"
2026-09-15T19:58:57+00:00,https://bilgewatermarket.com/cards,Steel Paws,nonfoil,0.26,https://bilgewatermarket.com/cards/VEN-043,normal,https://bilgewatermarket.com/assets/VEN-043-EN-D3rM5hd3.png,¥2.30,$0.26,,Steel Paws VEN-043/166 CN ¥2.30 EN $0.26
2026-09-15T19:58:57+00:00,https://bilgewatermarket.com/cards,Astral Heron,nonfoil,44.31,https://bilgewatermarket.com/cards/VEN-044,normal,https://bilgewatermarket.com/assets/VEN-044-EN-DoJyXdAU.png,¥123.39,$44.31,,Astral Heron VEN-044/166 CN ¥123.39 EN $44.31
2026-09-15T19:58:57+00:00,https://bilgewatermarket.com/cards,Helm of Suppression,nonfoil,3.51,https://bilgewatermarket.com/cards/VEN-045,normal,https://bilgewatermarket.com/assets/VEN-045-EN-Cc1MGZba.png,¥9.94,$3.51,,Helm of Suppression VEN-045/166 CN ¥9.94 EN $3.51
2026-09-15T19:58:57+00:00,https://bilgewatermarket.com/cards,"Nasus, Ascended",nonfoil,0.68,https://bilgewatermarket.com/cards/VEN-046,normal,https://bilgewatermarket.com/assets/VEN-046-EN-Kl4d9GPB.png,¥2.89,$0.68,,"Nasus, Ascended VEN-046/166 CN ¥2.89 EN $0.68"
2026-09-15T19:58:57+00:00,https://bilgewatermarket.com/cards,"Nasus, Ascended",nonfoil,2.70,https://bilgewatermarket.com/cards/VEN-046a?print_variation=showcase,showcase,https://bilgewatermarket.com/assets/VEN-046a-EN-DNtt-B1N.png,¥12.20,$2.70,,"Nasus, Ascended VEN-046A/166 Showcase CN ¥12.20 EN $2.70"
2026-09-15T19:58:57+00:00,https://bilgewatermarket.com/cards,Apprentice Mage,foil,0.17,https://bilgewatermarket.com/cards/VEN-047?print_variation=foiled,foiled,https://bilgewatermarket.com/assets/VEN-047-EN-IKhxvAeH.png,¥0.70,$0.17,,Apprentice Mage VEN-047/166 Foiled CN ¥0.70 EN $0.17
2026-09-15T19:58:57+00:00,https://bilgewatermarket.com/cards,Apprentice Mage,nonfoil,0.04,https://bilgewatermarket.com/cards/VEN-047,normal,https://bilgewatermarket.com/assets/VEN-047-EN-IKhxvAeH.png,¥0.50,$0.04,,Apprentice Mage VEN-047/166 CN ¥0.50 EN $0.04
2026-09-15T19:58:57+00:00,https://bilgewatermarket.com/cards,Cloud Drake,foil,0.19,https://bilgewatermarket.com/cards/VEN-048?print_variation=foiled,foiled,https://bilgewatermarket.com/assets/VEN-048-EN-WGFx_9br.png,¥0.50,$0.19,,Cloud Drake VEN-048/166 Foiled CN ¥0.50 EN $0.19
2026-09-15T19:58:57+00:00,https://bilgewatermarket.com/cards,Cloud Drake,nonfoil,0.04,https://bilgewatermarket.com/cards/VEN-048,normal,https://bilgewatermarket.com/assets/VEN-048-EN-WGFx_9br.png,¥0.50,$0.04,,Cloud Drake VEN-048/166 CN ¥0.50 EN $0.04
2026-09-15T19:58:57+00:00,https://bilgewatermarket.com/cards,Dredge Up,foil,0.39,https://bilgewatermarket.com/cards/VEN-049?print_variation=foiled,foiled,https://bilgewatermarket.com/assets/VEN-049-EN-B_ePmYth.png,¥1.78,$0.39,,Dredge Up VEN-049/166 Foiled CN ¥1.78 EN $0.39
2026-09-15T19:58:57+00:00,https://bilgewatermarket.com/cards,Dredge Up,nonfoil,0.09,https://bilgewatermarket.com/cards/VEN-049,normal,https://bilgewatermarket.com/assets/VEN-049-EN-B_ePmYth.png,¥0.52,$0.09,,Dredge Up VEN-049/166 CN ¥0.52 EN $0.09
2026-09-15T19:58:57+00:00,https://bilgewatermarket.com/cards,Grumpy Rockbear,foil,0.12,https://bilgewatermarket.com/cards/VEN-050?print_variation=foiled,foiled,https://bilgewatermarket.com/assets/VEN-050-EN-DsmQ1aGy.png,¥0.64,$0.12,,Grumpy Rockbear VEN-050/166 Foiled CN ¥0.64 EN $0.12
2026-09-15T19:58:57+00:00,https://bilgewatermarket.com/cards,Grumpy Rockbear,nonfoil,0.05,https://bilgewatermarket.com/cards/VEN-050,normal,https://bilgewatermarket.com/assets/VEN-050-EN-DsmQ1aGy.png,¥0.50,$0.05,,Grumpy Rockbear VEN-050/166 CN ¥0.50 EN $0.05
2026-09-15T19:58:57+00:00,https://bilgewatermarket.com/cards,Iterative Design,foil,0.25,https://bilgewatermarket.com/cards/VEN-051?print_variation=foiled,foiled,https://bilgewatermarket.com/assets/VEN-051-EN-MrRDJaWe.png,¥0.63,$0.25,,Iterative Design VEN-051/166 Foiled CN ¥0.63 EN $0.25
2026-09-15T19:58:57+00:00,https://bilgewatermarket.com/cards,Iterative Design,nonfoil,0.07,https://bilgewatermarket.com/cards/VEN-051,normal,https://bilgewatermarket.com/assets/VEN-051-EN-MrRDJaWe.png,¥0.50,$0.07,,Iterative Design VEN-051/166 CN ¥0.50 EN $0.07
2026-09-15T19:58:57+00:00,https://bilgewatermarket.com/cards,Mesmerize,foil,0.30,https://bilgewatermarket.com/cards/VEN-052?print_variation=foiled,foiled,https://bilgewatermarket.com/assets/VEN-052-EN-DXojzohb.png,¥0.99,$0.30,,Mesmerize VEN-052/166 Foiled CN ¥0.99 EN $0.30
2026-09-15T19:58:57+00:00,https://bilgewatermarket.com/cards,Mesmerize,nonfoil,0.12,https://bilgewatermarket.com/cards/VEN-052,normal,https://bilgewatermarket.com/assets/VEN-052-EN-DXojzohb.png,¥0.50,$0.12,,Mesmerize VEN-052/166 CN ¥0.50 EN $0.12
2026-09-15T19:58:57+00:00,https://bilgewatermarket.com/cards,Otterpus,foil,0.18,https://bilgewatermarket.com/cards/VEN-053?print_variation=foiled,foiled,https://bilgewatermarket.com/assets/VEN-053-EN-wfW1Layq.png,¥0.95,$0.18,,Otterpus VEN-053/166 Foiled CN ¥0.95 EN $0.18
2026-09-15T19:58:57+00:00,https://bilgewatermarket.com/cards,Otterpus,nonfoil,0.10,https://bilgewatermarket.com/cards/VEN-053,normal,https://bilgewatermarket.com/assets/VEN-053-EN-wfW1Layq.png,¥0.50,$0.10,,Otterpus VEN-053/166 CN ¥0.50 EN $0.10
2026-09-15T19:58:57+00:00,https://bilgewatermarket.com/cards,Questionable Tome,foil,0.36,https://bilgewatermarket.com/cards/VEN-054?print_variation=foiled,foiled,https://bilgewatermarket.com/assets/VEN-054-EN-WKHM6QTR.png,¥1.70,$0.36,,Questionable Tome VEN-054/166 Foiled CN ¥1.70 EN $0.36
2026-09-15T19:58:57+00:00,https://bilgewatermarket.com/cards,Questionable Tome,nonfoil,0.06,https://bilgewatermarket.com/cards/VEN-054,normal,https://bilgewatermarket.com/assets/VEN-054-EN-WKHM6QTR.png,¥0.56,$0.06,,Questionable Tome VEN-054/166 CN ¥0.56 EN $0.06
2026-09-15T19:58:57+00:00,https://bilgewatermarket.com/cards,Applied Researchers,foil,0.70,https://bilgewatermarket.com/cards/VEN-055?print_variation=foiled,foiled,https://bilgewatermarket.com/assets/VEN-055-EN-BT5B6yNz.png,¥2.26,$0.70,,Applied Researchers VEN-055/166 Foiled CN ¥2.26 EN $0.70
2026-09-15T19:58:57+00:00,https://bilgewatermarket.com/cards,Applied Researchers,nonfoil,0.14,https://bilgewatermarket.com/cards/VEN-055,normal,https://bilgewatermarket.com/assets/VEN-055-EN-BT5B6yNz.png,¥1.09,$0.14,,Applied Researchers VEN-055/166 CN ¥1.09 EN $0.14
2026-09-15T19:58:57+00:00,https://bilgewatermarket.com/cards,Clairvoyance,foil,0.28,https://bilgewatermarket.com/cards/VEN-056?print_variation=foiled,foiled,https://bilgewatermarket.com/assets/VEN-056-EN-DZNiFWB9.png,¥2.71,$0.28,,Clairvoyance VEN-056/166 Foiled CN ¥2.71 EN $0.28
2026-09-15T19:58:57+00:00,https://bilgewatermarket.com/cards,Clairvoyance,nonfoil,0.10,https://bilgewatermarket.com/cards/VEN-056,normal,https://bilgewatermarket.com/assets/VEN-056-EN-DZNiFWB9.png,¥1.05,$0.10,,Clairvoyance VEN-056/166 CN ¥1.05 EN $0.10
